{
  "status": "ok",
  "n_rodadas": 9,
  "n_registros": 384,
  "coefs": {
    "intercept": -0.8139177463047033,
    "bayes": 0.48856789529350503,
    "score_ratio": 1.9503328578587529,
    "conf": 0.4433115784332871,
    "interacao": -0.5539085071203123,
    "forma_media_3r": 0.35127918080954484,
    "forma_jogou_3r": 0.4907812177540253,
    "forma_tendencia": -0.1797504366627607
  },
  "metricas": {
    "mae_heuristica": 2.934,
    "mae_modelo_cv": 2.464,
    "mae_modelo_in": 2.369,
    "r2_modelo_in": 0.089,
    "ganho_pct_cv": 16.0
  },
  "hiperparams": {
    "ridge_lambda": 1.0,
    "recency_decay": 0.9
  },
  "atualizado_em": "2026-07-24 08:05 BRT"
}