{
  "status": "ok",
  "n_rodadas": 9,
  "n_registros": 384,
  "coefs": {
    "intercept": -0.8139177463051198,
    "bayes": 0.4885678952935532,
    "score_ratio": 1.9503328578589736,
    "conf": 0.44331157843345553,
    "interacao": -0.5539085071203586,
    "forma_media_3r": 0.3512791808095495,
    "forma_jogou_3r": 0.4907812177540285,
    "forma_tendencia": -0.1797504366627621
  },
  "metricas": {
    "mae_heuristica": 2.934,
    "mae_modelo_cv": 2.464,
    "mae_modelo_in": 2.369,
    "r2_modelo_in": 0.089,
    "ganho_pct_cv": 16.0
  },
  "hiperparams": {
    "ridge_lambda": 1.0,
    "recency_decay": 0.9
  },
  "atualizado_em": "2026-07-21 20:59 BRT"
}